timestamp,rss_kb,vmsize_kb,threads,fd_count
2026-06-25T18:11:48-04:00,29184,410220448,%cpu%memacflagacflgargsblockedcommcommandcpucputimeetimefflagsgidgroupinblkinblockjobcktracektraceplimlogin
lognamelstartmajfltminfltmsgrcvmsgsndninicenivcswnsignalsnsigsnswapnvcswnwchanoublkoublockp_rupaddrpageinpcpu
pendingpgidpidpmemppidpriprsnapstimeputimerergidrgrouprssruidrusersesssigsigmaskslstartstatstatestimesvgid
svuidtdevtimetpgidtsesstsizttttyucommuidupruserusrpriutimevsizevszwchanwqwqbwqlwqrxstat,15
2026-06-25T18:11:49-04:00,29184,410220448,%cpu%memacflagacflgargsblockedcommcommandcpucputimeetimefflagsgidgroupinblkinblockjobcktracektraceplimlogin
lognamelstartmajfltminfltmsgrcvmsgsndninicenivcswnsignalsnsigsnswapnvcswnwchanoublkoublockp_rupaddrpageinpcpu
pendingpgidpidpmemppidpriprsnapstimeputimerergidrgrouprssruidrusersesssigsigmaskslstartstatstatestimesvgid
svuidtdevtimetpgidtsesstsizttttyucommuidupruserusrpriutimevsizevszwchanwqwqbwqlwqrxstat,15
2026-06-25T18:11:50-04:00,29184,410220448,%cpu%memacflagacflgargsblockedcommcommandcpucputimeetimefflagsgidgroupinblkinblockjobcktracektraceplimlogin
lognamelstartmajfltminfltmsgrcvmsgsndninicenivcswnsignalsnsigsnswapnvcswnwchanoublkoublockp_rupaddrpageinpcpu
pendingpgidpidpmemppidpriprsnapstimeputimerergidrgrouprssruidrusersesssigsigmaskslstartstatstatestimesvgid
svuidtdevtimetpgidtsesstsizttttyucommuidupruserusrpriutimevsizevszwchanwqwqbwqlwqrxstat,15
2026-06-25T18:11:51-04:00,29184,410220448,%cpu%memacflagacflgargsblockedcommcommandcpucputimeetimefflagsgidgroupinblkinblockjobcktracektraceplimlogin
lognamelstartmajfltminfltmsgrcvmsgsndninicenivcswnsignalsnsigsnswapnvcswnwchanoublkoublockp_rupaddrpageinpcpu
pendingpgidpidpmemppidpriprsnapstimeputimerergidrgrouprssruidrusersesssigsigmaskslstartstatstatestimesvgid
svuidtdevtimetpgidtsesstsizttttyucommuidupruserusrpriutimevsizevszwchanwqwqbwqlwqrxstat,15
